Feature,Importance
Low,0.71550447
Close,0.24205355
High,0.028779896
EMA_20,0.006518611
Open,0.0027132544
SMA_50,0.0020969692
Bollinger_High,0.00053979224
SMA_10,0.0005247532
MACD_Signal,0.00031104952
Bollinger_Low,0.0002925577
MACD,0.00018665243
RSI,0.00013856872
Volatility_20,0.00012104718
Daily_Return,0.00011200899
Volume,0.00010687159
